{
	"credit": "Made by StormDragon77",
	"textures": {
		"spyglass": "item/spyglass_model"
	},
	"elements": [
		{
			"from": [7, 8.5, 7],
			"to": [9, 13.5, 9],
			"faces": {
				"north": {"uv": [0, 2, 2, 7], "texture": "#spyglass"},
				"east": {"uv": [0, 2, 2, 7], "texture": "#spyglass"},
				"south": {"uv": [0, 2, 2, 7], "texture": "#spyglass"},
				"west": {"uv": [0, 2, 2, 7], "texture": "#spyglass"},
				"up": {"uv": [0, 0, 2, 2], "texture": "#spyglass"}
			}
		},
		{
			"from": [3, 8.5, 7],
			"to": [5, 13.5, 9],
			"rotation": {"angle": 0, "axis": "y", "origin": [4, 8, 8]},
			"faces": {
				"north": {"uv": [0, 2, 2, 7], "texture": "#spyglass"},
				"east": {"uv": [0, 2, 2, 7], "texture": "#spyglass"},
				"south": {"uv": [0, 2, 2, 7], "texture": "#spyglass"},
				"west": {"uv": [0, 2, 2, 7], "texture": "#spyglass"},
				"up": {"uv": [0, 0, 2, 2], "texture": "#spyglass"}
			}
		},
		{
			"from": [6.9, 2.4, 6.9],
			"to": [9.1, 8.6, 9.1],
			"faces": {
				"north": {"uv": [0, 7, 2, 13], "texture": "#spyglass"},
				"east": {"uv": [0, 7, 2, 13], "texture": "#spyglass"},
				"south": {"uv": [0, 7, 2, 13], "texture": "#spyglass"},
				"west": {"uv": [0, 7, 2, 13], "texture": "#spyglass"},
				"up": {"uv": [0, 5, 2, 7], "texture": "#spyglass"},
				"down": {"uv": [0, 13, 2, 15], "texture": "#spyglass"}
			}
		},
		{
			"from": [2.9, 2.4, 6.9],
			"to": [5.1, 8.6, 9.1],
			"rotation": {"angle": 0, "axis": "y", "origin": [4, 8, 8]},
			"faces": {
				"north": {"uv": [0, 7, 2, 13], "texture": "#spyglass"},
				"east": {"uv": [0, 7, 2, 13], "texture": "#spyglass"},
				"south": {"uv": [0, 7, 2, 13], "texture": "#spyglass"},
				"west": {"uv": [0, 7, 2, 13], "texture": "#spyglass"},
				"up": {"uv": [0, 5, 2, 7], "texture": "#spyglass"},
				"down": {"uv": [0, 13, 2, 15], "texture": "#spyglass"}
			}
		},
		{
			"from": [5, 8, 7],
			"to": [7, 10, 9],
			"rotation": {"angle": 0, "axis": "y", "origin": [13, 16, 15]},
			"faces": {
				"north": {"uv": [0, 5, 2, 7], "texture": "#spyglass"},
				"south": {"uv": [0, 5, 2, 7], "texture": "#spyglass"},
				"up": {"uv": [0, 0, 2, 2], "texture": "#spyglass"},
				"down": {"uv": [0, 0, 2, 2], "texture": "#spyglass"}
			}
		}
	],
	"gui_light": "front",
	"display": {
		"thirdperson_righthand": {
			"rotation": [35, -66, 0]
		},
		"thirdperson_lefthand": {
			"rotation": [35, -66, 0],
			"translation": [-1.5, 2, -3]
		},
		"head": {
			"rotation": [90, 0, 0],
			"translation": [0.75, 0, -16],
			"scale": [1.6, 1.6, 1.6]
		}
	}
}