{
	"credit": "Made with Blockbench",
	"parent": "block/thin_block",
	"textures": {
		"2": "block/acacia_trapdoor_sides",
		"3": "block/acacia_trapdoor",
		"particle": "#3"
	},
	"elements": [
		{
			"from": [0, 0, 0],
			"to": [3, 3, 16],
			"faces": {
				"north": {"uv": [3, 0, 0, 3], "texture": "#2", "cullface": "north"},
				"east": {"uv": [0, 3, 16, 6], "texture": "#2", "cullface": "east"},
				"south": {"uv": [0, 0, 3, 3], "texture": "#2", "cullface": "south"},
				"west": {"uv": [0, 3, 16, 6], "texture": "#2", "cullface": "west"},
				"up": {"uv": [0, 16, 3, 0], "texture": "#3"},
				"down": {"uv": [0, 0, 3, 16], "texture": "#3", "cullface": "down"}
			}
		},
		{
			"from": [13, 0, 0],
			"to": [16, 3, 16],
			"rotation": {"angle": 0, "axis": "y", "origin": [21, 8, 8]},
			"faces": {
				"north": {"uv": [16, 0, 13, 3], "texture": "#2", "cullface": "north"},
				"east": {"uv": [0, 3, 16, 6], "texture": "#2", "cullface": "east"},
				"south": {"uv": [13, 0, 16, 3], "texture": "#2", "cullface": "south"},
				"west": {"uv": [0, 3, 16, 6], "texture": "#2", "cullface": "west"},
				"up": {"uv": [13, 16, 16, 0], "texture": "#3"},
				"down": {"uv": [13, 0, 16, 16], "texture": "#3", "cullface": "down"}
			}
		},
		{
			"from": [9, 0, 3],
			"to": [11, 3, 13],
			"rotation": {"angle": 0, "axis": "y", "origin": [17, 8, 11]},
			"faces": {
				"north": {"uv": [16, 0, 0, 3], "texture": "#side", "cullface": "north"},
				"east": {"uv": [3, 3, 13, 6], "texture": "#2", "cullface": "east"},
				"south": {"uv": [0, 0, 16, 3], "texture": "#side", "cullface": "south"},
				"west": {"uv": [3, 3, 13, 6], "texture": "#2", "cullface": "west"},
				"up": {"uv": [5, 13, 7, 2], "texture": "#3"},
				"down": {"uv": [5, 3, 7, 13], "texture": "#3", "cullface": "down"}
			}
		},
		{
			"from": [5, 0, 3],
			"to": [7, 3, 13],
			"rotation": {"angle": 0, "axis": "y", "origin": [13, 8, 11]},
			"faces": {
				"north": {"uv": [16, 0, 0, 3], "texture": "#side", "cullface": "north"},
				"east": {"uv": [3, 3, 13, 6], "texture": "#2", "cullface": "east"},
				"south": {"uv": [0, 0, 16, 3], "texture": "#side", "cullface": "south"},
				"west": {"uv": [3, 3, 13, 6], "texture": "#2", "cullface": "west"},
				"up": {"uv": [9, 13, 11, 3], "texture": "#3"},
				"down": {"uv": [9, 3, 11, 13], "texture": "#3", "cullface": "down"}
			}
		},
		{
			"from": [3, 0, 0],
			"to": [13, 3, 3],
			"rotation": {"angle": 0, "axis": "y", "origin": [11, 8, 8]},
			"faces": {
				"north": {"uv": [13, 0, 3, 3], "texture": "#2", "cullface": "north"},
				"east": {"uv": [0, 3, 16, 6], "texture": "#side", "cullface": "east"},
				"south": {"uv": [3, 0, 13, 3], "texture": "#2", "cullface": "south"},
				"west": {"uv": [0, 3, 16, 6], "texture": "#side", "cullface": "west"},
				"up": {"uv": [3, 16, 13, 13], "texture": "#3"},
				"down": {"uv": [3, 13, 13, 16], "texture": "#3", "cullface": "down"}
			}
		},
		{
			"from": [3, 0, 13],
			"to": [13, 3, 16],
			"rotation": {"angle": 0, "axis": "y", "origin": [11, 8, 21]},
			"faces": {
				"north": {"uv": [13, 0, 3, 3], "texture": "#2", "cullface": "north"},
				"east": {"uv": [0, 3, 16, 6], "texture": "#side", "cullface": "east"},
				"south": {"uv": [3, 0, 13, 3], "texture": "#2", "cullface": "south"},
				"west": {"uv": [0, 3, 16, 6], "texture": "#side", "cullface": "west"},
				"up": {"uv": [3, 3, 13, 0], "texture": "#3"},
				"down": {"uv": [3, 0, 13, 3], "texture": "#3", "cullface": "down"}
			}
		}
	]
}