{
	"credit": "Made with Blockbench",
	"ambientocclusion": false,
	"textures": {
		"3": "block/iron_door_top2",
		"4": "block/iron_door_sides",
		"5": "block/iron_door_top",
		"particle": "#3"
	},
	"elements": [
		{
			"from": [0, 0, 0],
			"to": [3, 5, 16],
			"faces": {
				"north": {"uv": [13, 11, 16, 16], "texture": "#4"},
				"east": {"uv": [0, 11, 16, 16], "texture": "#5"},
				"south": {"uv": [3, 11, 6, 16], "texture": "#4"},
				"west": {"uv": [0, 11, 16, 16], "texture": "#3"},
				"up": {"uv": [6, 0, 9, 16], "texture": "#4"},
				"down": {"uv": [0, 0, 3, 16], "texture": "#missing"}
			}
		},
		{
			"from": [0, 5, 0],
			"to": [3, 13, 3],
			"rotation": {"angle": 0, "axis": "y", "origin": [8, 13, 8]},
			"faces": {
				"north": {"uv": [13, 3, 16, 11], "texture": "#4"},
				"east": {"uv": [13, 3, 16, 11], "texture": "#5"},
				"south": {"uv": [6, 3, 9, 11], "texture": "#4"},
				"west": {"uv": [0, 3, 3, 11], "texture": "#3"},
				"up": {"uv": [0, 0, 3, 3], "texture": "#missing"},
				"down": {"uv": [0, 0, 3, 3], "texture": "#missing"}
			}
		},
		{
			"from": [0, 5, 13],
			"to": [3, 13, 16],
			"rotation": {"angle": 0, "axis": "y", "origin": [8, 13, 21]},
			"faces": {
				"north": {"uv": [6, 3, 9, 11], "texture": "#4"},
				"east": {"uv": [0, 3, 3, 11], "texture": "#5"},
				"south": {"uv": [3, 3, 6, 11], "texture": "#4"},
				"west": {"uv": [13, 3, 16, 11], "texture": "#3"},
				"up": {"uv": [0, 0, 3, 3], "texture": "#missing"},
				"down": {"uv": [0, 0, 3, 3], "texture": "#missing"}
			}
		},
		{
			"from": [0, 5, 7],
			"to": [3, 13, 9],
			"rotation": {"angle": 0, "axis": "y", "origin": [8, 13, 15]},
			"faces": {
				"north": {"uv": [6, 3, 9, 11], "texture": "#4"},
				"east": {"uv": [7, 3, 9, 11], "texture": "#5"},
				"south": {"uv": [6, 3, 9, 11], "texture": "#4"},
				"west": {"uv": [7, 3, 9, 11], "texture": "#3"},
				"up": {"uv": [0, 0, 3, 2], "texture": "#missing"},
				"down": {"uv": [0, 0, 3, 2], "texture": "#missing"}
			}
		},
		{
			"from": [0, 8, 3],
			"to": [3, 10, 7],
			"rotation": {"angle": 0, "axis": "y", "origin": [8, 16, 11]},
			"faces": {
				"north": {"uv": [0, 0, 3, 2], "texture": "#missing"},
				"east": {"uv": [9, 6, 13, 8], "texture": "#5"},
				"south": {"uv": [0, 0, 3, 2], "texture": "#missing"},
				"west": {"uv": [3, 6, 7, 8], "texture": "#3"},
				"up": {"uv": [6, 3, 9, 7], "texture": "#4"},
				"down": {"uv": [6, 9, 9, 13], "texture": "#4"}
			}
		},
		{
			"from": [0, 8, 9],
			"to": [3, 10, 13],
			"rotation": {"angle": 0, "axis": "y", "origin": [8, 16, 17]},
			"faces": {
				"north": {"uv": [0, 0, 3, 2], "texture": "#missing"},
				"east": {"uv": [3, 6, 7, 8], "texture": "#5"},
				"south": {"uv": [0, 0, 3, 2], "texture": "#missing"},
				"west": {"uv": [9, 6, 13, 8], "texture": "#3"},
				"up": {"uv": [6, 9, 9, 13], "texture": "#4"},
				"down": {"uv": [6, 3, 9, 7], "texture": "#4"}
			}
		},
		{
			"from": [0, 13, 0],
			"to": [3, 16, 16],
			"rotation": {"angle": 0, "axis": "y", "origin": [8, 21, 8]},
			"faces": {
				"north": {"uv": [13, 0, 16, 3], "texture": "#4"},
				"east": {"uv": [0, 0, 16, 3], "texture": "#5"},
				"south": {"uv": [3, 0, 6, 3], "texture": "#4"},
				"west": {"uv": [0, 0, 16, 3], "texture": "#3"},
				"up": {"uv": [6, 0, 9, 16], "texture": "#4"},
				"down": {"uv": [6, 0, 9, 16], "texture": "#4"}
			}
		}
	]
}