{
	"credit": "Made with Blockbench",
	"textures": {
		"2": "block/oak_trapdoor_sides",
		"3": "block/oak_trapdoor",
		"particle": "#3"
	},
	"elements": [
		{
			"from": [0, 0, 13],
			"to": [16, 3, 16],
			"rotation": {"angle": 0, "axis": "y", "origin": [8, 8, 21]},
			"faces": {
				"north": {"uv": [0, 13, 16, 16], "texture": "#3"},
				"east": {"uv": [13, 0, 16, 3], "rotation": 90, "texture": "#2"},
				"south": {"uv": [0, 13, 16, 16], "texture": "#3"},
				"west": {"uv": [13, 0, 16, 3], "rotation": 90, "texture": "#2"},
				"up": {"uv": [0, 0, 16, 3], "texture": "#2"},
				"down": {"uv": [0, 0, 16, 3], "texture": "#2"}
			}
		},
		{
			"from": [0, 13, 13],
			"to": [16, 16, 16],
			"rotation": {"angle": 0, "axis": "y", "origin": [8, 21, 21]},
			"faces": {
				"north": {"uv": [0, 0, 16, 3], "texture": "#3"},
				"east": {"uv": [0, 0, 3, 3], "rotation": 90, "texture": "#2"},
				"south": {"uv": [0, 0, 16, 3], "texture": "#3"},
				"west": {"uv": [0, 0, 3, 3], "rotation": 90, "texture": "#2"},
				"up": {"uv": [0, 0, 16, 3], "texture": "#2"},
				"down": {"uv": [0, 0, 16, 3], "texture": "#2"}
			}
		},
		{
			"from": [0, 3, 13],
			"to": [3, 13, 16],
			"rotation": {"angle": 0, "axis": "y", "origin": [8, 11, 21]},
			"faces": {
				"north": {"uv": [13, 3, 16, 13], "texture": "#3"},
				"east": {"uv": [3, 0, 13, 3], "rotation": 90, "texture": "#2"},
				"south": {"uv": [0, 3, 3, 13], "texture": "#3"},
				"west": {"uv": [3, 0, 13, 3], "rotation": 90, "texture": "#2"},
				"up": {"uv": [0, 0, 3, 3], "texture": "#missing"},
				"down": {"uv": [0, 0, 3, 3], "texture": "#missing"}
			}
		},
		{
			"from": [13, 3, 13],
			"to": [16, 13, 16],
			"rotation": {"angle": 0, "axis": "y", "origin": [21, 11, 21]},
			"faces": {
				"north": {"uv": [0, 3, 3, 13], "texture": "#3"},
				"east": {"uv": [3, 0, 13, 3], "rotation": 90, "texture": "#2"},
				"south": {"uv": [13, 3, 16, 13], "texture": "#3"},
				"west": {"uv": [3, 0, 13, 3], "rotation": 90, "texture": "#2"},
				"up": {"uv": [0, 0, 3, 3], "texture": "#missing"},
				"down": {"uv": [0, 0, 3, 3], "texture": "#missing"}
			}
		},
		{
			"from": [6, 3, 13],
			"to": [10, 13, 16],
			"rotation": {"angle": 0, "axis": "y", "origin": [14, 11, 21]},
			"faces": {
				"north": {"uv": [6, 3, 10, 13], "texture": "#3"},
				"east": {"uv": [3, 0, 13, 3], "rotation": 90, "texture": "#2"},
				"south": {"uv": [6, 3, 10, 13], "texture": "#3"},
				"west": {"uv": [3, 0, 13, 3], "rotation": 90, "texture": "#2"},
				"up": {"uv": [0, 0, 4, 3], "texture": "#missing"},
				"down": {"uv": [0, 0, 4, 3], "texture": "#missing"}
			}
		},
		{
			"from": [3, 6, 13],
			"to": [6, 10, 16],
			"rotation": {"angle": 0, "axis": "y", "origin": [11, 14, 21]},
			"faces": {
				"north": {"uv": [10, 6, 13, 10], "texture": "#3"},
				"east": {"uv": [0, 0, 3, 4], "texture": "#missing"},
				"south": {"uv": [4, 6, 7, 10], "texture": "#3"},
				"west": {"uv": [0, 0, 3, 4], "texture": "#missing"},
				"up": {"uv": [3, 0, 6, 3], "texture": "#2"},
				"down": {"uv": [3, 0, 6, 3], "texture": "#2"}
			}
		},
		{
			"from": [10, 6, 13],
			"to": [13, 10, 16],
			"rotation": {"angle": 0, "axis": "y", "origin": [18, 14, 21]},
			"faces": {
				"north": {"uv": [3, 6, 6, 10], "texture": "#3"},
				"east": {"uv": [0, 0, 3, 4], "texture": "#missing"},
				"south": {"uv": [10, 6, 13, 10], "texture": "#3"},
				"west": {"uv": [0, 0, 3, 4], "texture": "#missing"},
				"up": {"uv": [10, 0, 13, 3], "texture": "#2"},
				"down": {"uv": [10, 0, 13, 3], "texture": "#2"}
			}
		}
	]
}