{
	"credit": "Made with Blockbench",
	"textures": {
		"2": "block/oak_trapdoor_sides",
		"4": "block/oak_trapdoor",
		"particle": "#4"
	},
	"elements": [
		{
			"from": [0, 13, 0],
			"to": [16, 16, 3],
			"rotation": {"angle": 0, "axis": "y", "origin": [8, 21, 8]},
			"faces": {
				"north": {"uv": [0, 0, 16, 3], "texture": "#2"},
				"east": {"uv": [13, 0, 16, 3], "texture": "#2"},
				"south": {"uv": [0, 0, 16, 3], "texture": "#2"},
				"west": {"uv": [0, 0, 3, 3], "texture": "#2"},
				"up": {"uv": [0, 0, 16, 3], "texture": "#4"},
				"down": {"uv": [16, 13, 0, 16], "texture": "#4"}
			}
		},
		{
			"from": [0, 13, 13],
			"to": [16, 16, 16],
			"rotation": {"angle": 0, "axis": "y", "origin": [8, 21, 21]},
			"faces": {
				"north": {"uv": [0, 0, 16, 3], "texture": "#2"},
				"east": {"uv": [0, 0, 3, 3], "texture": "#2"},
				"south": {"uv": [0, 0, 16, 3], "texture": "#2"},
				"west": {"uv": [13, 0, 16, 3], "texture": "#2"},
				"up": {"uv": [0, 13, 16, 16], "texture": "#4"},
				"down": {"uv": [16, 0, 0, 3], "texture": "#4"}
			}
		},
		{
			"from": [0, 13, 3],
			"to": [3, 16, 13],
			"rotation": {"angle": 0, "axis": "y", "origin": [8, 21, 11]},
			"faces": {
				"north": {"uv": [0, 0, 3, 3], "texture": "#missing"},
				"east": {"uv": [3, 0, 13, 3], "texture": "#2"},
				"south": {"uv": [0, 0, 3, 3], "texture": "#missing"},
				"west": {"uv": [3, 0, 13, 3], "texture": "#2"},
				"up": {"uv": [0, 3, 3, 13], "texture": "#4"},
				"down": {"uv": [16, 3, 13, 13], "texture": "#4"}
			}
		},
		{
			"from": [13, 13, 3],
			"to": [16, 16, 13],
			"rotation": {"angle": 0, "axis": "y", "origin": [21, 21, 11]},
			"faces": {
				"north": {"uv": [0, 0, 3, 3], "texture": "#missing"},
				"east": {"uv": [3, 0, 13, 3], "texture": "#2"},
				"south": {"uv": [0, 0, 3, 3], "texture": "#missing"},
				"west": {"uv": [3, 0, 13, 3], "texture": "#2"},
				"up": {"uv": [13, 3, 16, 13], "texture": "#4"},
				"down": {"uv": [3, 3, 0, 13], "texture": "#4"}
			}
		},
		{
			"from": [6, 13, 3],
			"to": [10, 16, 13],
			"rotation": {"angle": 0, "axis": "y", "origin": [14, 21, 11]},
			"faces": {
				"north": {"uv": [0, 0, 4, 3], "texture": "#missing"},
				"east": {"uv": [3, 0, 13, 3], "texture": "#2"},
				"south": {"uv": [0, 0, 4, 3], "texture": "#missing"},
				"west": {"uv": [3, 0, 13, 3], "texture": "#2"},
				"up": {"uv": [6, 3, 10, 13], "texture": "#4"},
				"down": {"uv": [10, 3, 6, 13], "texture": "#4"}
			}
		},
		{
			"from": [3, 13, 6],
			"to": [6, 16, 10],
			"rotation": {"angle": 0, "axis": "y", "origin": [11, 21, 14]},
			"faces": {
				"north": {"uv": [10, 0, 13, 3], "texture": "#2"},
				"east": {"uv": [0, 0, 4, 3], "texture": "#missing"},
				"south": {"uv": [3, 0, 6, 3], "texture": "#2"},
				"west": {"uv": [0, 0, 4, 3], "texture": "#missing"},
				"up": {"uv": [3, 6, 6, 10], "texture": "#4"},
				"down": {"uv": [13, 6, 10, 10], "texture": "#4"}
			}
		},
		{
			"from": [10, 13, 6],
			"to": [13, 16, 10],
			"rotation": {"angle": 0, "axis": "y", "origin": [18, 21, 14]},
			"faces": {
				"north": {"uv": [3, 0, 6, 3], "texture": "#2"},
				"east": {"uv": [0, 0, 4, 3], "texture": "#missing"},
				"south": {"uv": [10, 0, 13, 3], "texture": "#2"},
				"west": {"uv": [0, 0, 4, 3], "texture": "#missing"},
				"up": {"uv": [10, 6, 13, 10], "texture": "#4"},
				"down": {"uv": [6, 6, 3, 10], "texture": "#4"}
			}
		}
	]
}