{
	"credit": "Made with Blockbench",
	"parent": "block/thin_block",
	"textures": {
		"2": "block/oak_trapdoor_sides",
		"3": "block/oak_trapdoor",
		"particle": "#3"
	},
	"elements": [
		{
			"from": [0, 0, 0],
			"to": [16, 3, 3],
			"faces": {
				"north": {"uv": [0, 0, 16, 3], "texture": "#2", "cullface": "north"},
				"east": {"uv": [13, 0, 16, 3], "texture": "#2", "cullface": "east"},
				"south": {"uv": [0, 0, 16, 3], "texture": "#2"},
				"west": {"uv": [0, 0, 3, 3], "texture": "#2", "cullface": "west"},
				"up": {"uv": [0, 0, 16, 3], "texture": "#3"},
				"down": {"uv": [0, 13, 16, 16], "texture": "#3", "cullface": "down"}
			}
		},
		{
			"from": [0, 0, 13],
			"to": [16, 3, 16],
			"rotation": {"angle": 0, "axis": "y", "origin": [8, 8, 21]},
			"faces": {
				"north": {"uv": [0, 0, 16, 3], "texture": "#2"},
				"east": {"uv": [0, 0, 3, 3], "texture": "#2", "cullface": "east"},
				"south": {"uv": [0, 0, 16, 3], "texture": "#2", "cullface": "south"},
				"west": {"uv": [13, 0, 16, 3], "texture": "#2", "cullface": "west"},
				"up": {"uv": [0, 13, 16, 16], "texture": "#3"},
				"down": {"uv": [0, 0, 16, 3], "texture": "#3", "cullface": "down"}
			}
		},
		{
			"from": [0, 0, 3],
			"to": [3, 3, 13],
			"rotation": {"angle": 0, "axis": "y", "origin": [8, 8, 11]},
			"faces": {
				"north": {"uv": [0, 0, 3, 3], "texture": "#missing"},
				"east": {"uv": [3, 0, 13, 3], "texture": "#2"},
				"south": {"uv": [0, 0, 3, 3], "texture": "#missing"},
				"west": {"uv": [3, 0, 13, 3], "texture": "#2", "cullface": "west"},
				"up": {"uv": [0, 3, 3, 13], "texture": "#3"},
				"down": {"uv": [0, 3, 3, 13], "texture": "#3", "cullface": "down"}
			}
		},
		{
			"from": [13, 0, 3],
			"to": [16, 3, 13],
			"rotation": {"angle": 0, "axis": "y", "origin": [21, 8, 11]},
			"faces": {
				"north": {"uv": [0, 0, 3, 3], "texture": "#missing"},
				"east": {"uv": [3, 0, 13, 3], "texture": "#2", "cullface": "east"},
				"south": {"uv": [0, 0, 3, 3], "texture": "#missing"},
				"west": {"uv": [3, 0, 13, 3], "texture": "#2"},
				"up": {"uv": [13, 3, 16, 13], "texture": "#3"},
				"down": {"uv": [13, 3, 16, 13], "texture": "#3", "cullface": "down"}
			}
		},
		{
			"from": [6, 0, 3],
			"to": [10, 3, 13],
			"rotation": {"angle": 0, "axis": "y", "origin": [14, 8, 11]},
			"faces": {
				"north": {"uv": [0, 0, 4, 3], "texture": "#missing"},
				"east": {"uv": [3, 0, 13, 3], "texture": "#2"},
				"south": {"uv": [0, 0, 4, 3], "texture": "#missing"},
				"west": {"uv": [3, 0, 13, 3], "texture": "#2"},
				"up": {"uv": [6, 3, 10, 13], "texture": "#3"},
				"down": {"uv": [6, 3, 10, 13], "texture": "#3", "cullface": "down"}
			}
		},
		{
			"from": [3, 0, 6],
			"to": [6, 3, 10],
			"rotation": {"angle": 0, "axis": "y", "origin": [11, 8, 14]},
			"faces": {
				"north": {"uv": [10, 0, 13, 3], "texture": "#2"},
				"east": {"uv": [0, 0, 4, 3], "texture": "#missing"},
				"south": {"uv": [3, 0, 6, 3], "texture": "#2"},
				"west": {"uv": [0, 0, 4, 3], "texture": "#missing"},
				"up": {"uv": [3, 6, 6, 10], "texture": "#3"},
				"down": {"uv": [3, 6, 6, 10], "texture": "#3", "cullface": "down"}
			}
		},
		{
			"from": [10, 0, 6],
			"to": [13, 3, 10],
			"rotation": {"angle": 0, "axis": "y", "origin": [18, 8, 14]},
			"faces": {
				"north": {"uv": [3, 0, 6, 3], "texture": "#2"},
				"east": {"uv": [0, 0, 4, 3], "texture": "#missing"},
				"south": {"uv": [10, 0, 13, 3], "texture": "#2"},
				"west": {"uv": [0, 0, 4, 3], "texture": "#missing"},
				"up": {"uv": [10, 6, 13, 10], "texture": "#3"},
				"down": {"uv": [10, 6, 13, 10], "texture": "#3", "cullface": "down"}
			}
		}
	]
}