{
	"credit": "Made with Blockbench",
	"textures": {
		"2": "block/birch_trapdoor",
		"3": "block/birch_trapdoor_sides",
		"particle": "#2"
	},
	"elements": [
		{
			"from": [0, 13, 0],
			"to": [3, 16, 16],
			"faces": {
				"north": {"uv": [3, 0, 0, 3], "texture": "#3", "cullface": "north"},
				"east": {"uv": [0, 3, 16, 6], "texture": "#3"},
				"south": {"uv": [0, 0, 3, 3], "texture": "#3", "cullface": "south"},
				"west": {"uv": [0, 3, 16, 6], "texture": "#3", "cullface": "west"},
				"up": {"uv": [0, 16, 3, 0], "texture": "#2", "cullface": "up"},
				"down": {"uv": [0, 0, 3, 16], "texture": "#2"}
			}
		},
		{
			"from": [13, 13, 0],
			"to": [16, 16, 16],
			"faces": {
				"north": {"uv": [16, 0, 13, 3], "texture": "#3", "cullface": "north"},
				"east": {"uv": [0, 3, 16, 6], "texture": "#3", "cullface": "east"},
				"south": {"uv": [13, 0, 16, 3], "texture": "#3", "cullface": "south"},
				"west": {"uv": [0, 3, 16, 6], "texture": "#3"},
				"up": {"uv": [13, 16, 16, 0], "texture": "#2", "cullface": "up"},
				"down": {"uv": [13, 0, 16, 16], "texture": "#2"}
			}
		},
		{
			"from": [5, 13, 3],
			"to": [11, 16, 4],
			"faces": {
				"east": {"uv": [15, 3, 16, 6], "texture": "#3", "cullface": "east"},
				"south": {"uv": [5, 0, 11, 3], "texture": "#3", "cullface": "south"},
				"west": {"uv": [0, 3, 1, 6], "texture": "#3", "cullface": "west"},
				"up": {"uv": [5, 13, 11, 12], "texture": "#2", "cullface": "up"},
				"down": {"uv": [5, 12, 11, 13], "texture": "#2"}
			}
		},
		{
			"from": [3, 13, 0],
			"to": [13, 16, 3],
			"faces": {
				"north": {"uv": [13, 0, 3, 3], "texture": "#3", "cullface": "north"},
				"south": {"uv": [3, 0, 13, 3], "texture": "#3"},
				"up": {"uv": [3, 16, 13, 13], "texture": "#2", "cullface": "up"},
				"down": {"uv": [3, 13, 13, 16], "texture": "#2"}
			}
		},
		{
			"from": [3, 13, 13],
			"to": [13, 16, 16],
			"faces": {
				"north": {"uv": [13, 0, 3, 3], "texture": "#3"},
				"south": {"uv": [3, 0, 13, 3], "texture": "#3", "cullface": "south"},
				"up": {"uv": [3, 3, 13, 0], "texture": "#2", "cullface": "up"},
				"down": {"uv": [3, 0, 13, 3], "texture": "#2"}
			}
		},
		{
			"from": [3, 14, 4],
			"to": [13, 15, 13],
			"faces": {
				"up": {"uv": [3, 12, 13, 3], "texture": "#2", "cullface": "up"},
				"down": {"uv": [3, 3, 13, 12], "texture": "#2"}
			}
		},
		{
			"from": [3, 14, 3],
			"to": [5, 15, 4],
			"faces": {
				"up": {"uv": [3, 13, 5, 12], "texture": "#2", "cullface": "up"},
				"down": {"uv": [3, 12, 5, 13], "texture": "#2"}
			}
		},
		{
			"from": [11, 14, 3],
			"to": [13, 15, 4],
			"faces": {
				"up": {"uv": [11, 13, 13, 12], "texture": "#2", "cullface": "up"},
				"down": {"uv": [11, 12, 13, 13], "texture": "#2"}
			}
		}
	]
}