{
	"credit": "Made with Blockbench",
	"textures": {
		"2": "block/birch_trapdoor_sides",
		"3": "block/birch_trapdoor",
		"particle": "#3"
	},
	"elements": [
		{
			"from": [0, 0, 13],
			"to": [3, 16, 16],
			"faces": {
				"north": {"uv": [13, 16, 16, 0], "texture": "#3"},
				"east": {"uv": [0, 3, 16, 6], "rotation": 90, "texture": "#2"},
				"south": {"uv": [0, 16, 3, 0], "texture": "#3", "cullface": "south"},
				"west": {"uv": [0, 3, 16, 6], "rotation": 90, "texture": "#2", "cullface": "west"},
				"up": {"uv": [16, 0, 13, 3], "texture": "#2", "cullface": "up"},
				"down": {"uv": [0, 0, 3, 3], "texture": "#2", "cullface": "down"}
			}
		},
		{
			"from": [13, 0, 13],
			"to": [16, 16, 16],
			"rotation": {"angle": 0, "axis": "y", "origin": [21, 8, 8]},
			"faces": {
				"north": {"uv": [0, 16, 3, 0], "texture": "#3"},
				"east": {"uv": [0, 3, 16, 6], "rotation": 90, "texture": "#2", "cullface": "east"},
				"south": {"uv": [13, 16, 16, 0], "texture": "#3", "cullface": "south"},
				"west": {"uv": [0, 3, 16, 6], "rotation": 90, "texture": "#2"},
				"up": {"uv": [3, 0, 0, 3], "texture": "#2", "cullface": "up"},
				"down": {"uv": [13, 0, 16, 3], "texture": "#2", "cullface": "down"}
			}
		},
		{
			"from": [5, 12, 13],
			"to": [11, 13, 16],
			"rotation": {"angle": 0, "axis": "y", "origin": [13, 20, 8]},
			"faces": {
				"north": {"uv": [5, 13, 11, 12], "texture": "#3"},
				"east": {"uv": [0, 3, 1, 6], "rotation": 90, "texture": "#2", "cullface": "east"},
				"south": {"uv": [5, 13, 11, 12], "texture": "#3", "cullface": "south"},
				"west": {"uv": [15, 3, 16, 6], "rotation": 90, "texture": "#2"},
				"down": {"uv": [5, 0, 11, 3], "texture": "#2", "cullface": "down"}
			}
		},
		{
			"from": [3, 3, 14],
			"to": [13, 12, 15],
			"rotation": {"angle": 0, "axis": "y", "origin": [11, 11, 9]},
			"faces": {
				"north": {"uv": [3, 12, 13, 3], "texture": "#3"},
				"south": {"uv": [3, 12, 13, 3], "texture": "#3", "cullface": "south"}
			}
		},
		{
			"from": [3, 12, 14],
			"to": [5, 13, 15],
			"rotation": {"angle": 0, "axis": "y", "origin": [11, 20, 9]},
			"faces": {
				"north": {"uv": [11, 13, 13, 12], "texture": "#3"},
				"south": {"uv": [3, 13, 5, 12], "texture": "#3", "cullface": "south"}
			}
		},
		{
			"from": [11, 12, 14],
			"to": [13, 13, 15],
			"rotation": {"angle": 0, "axis": "y", "origin": [19, 20, 9]},
			"faces": {
				"north": {"uv": [3, 13, 5, 12], "texture": "#3"},
				"south": {"uv": [11, 13, 13, 12], "texture": "#3", "cullface": "south"}
			}
		},
		{
			"from": [3, 0, 13],
			"to": [13, 3, 16],
			"rotation": {"angle": 0, "axis": "y", "origin": [11, 8, 8]},
			"faces": {
				"north": {"uv": [3, 3, 13, 0], "texture": "#3"},
				"south": {"uv": [3, 3, 13, 0], "texture": "#3", "cullface": "south"},
				"up": {"uv": [13, 0, 3, 3], "texture": "#2"},
				"down": {"uv": [3, 0, 13, 3], "texture": "#2", "cullface": "down"}
			}
		},
		{
			"from": [3, 13, 13],
			"to": [13, 16, 16],
			"rotation": {"angle": 0, "axis": "y", "origin": [11, 21, 8]},
			"faces": {
				"north": {"uv": [3, 16, 13, 13], "texture": "#3"},
				"south": {"uv": [3, 16, 13, 13], "texture": "#3", "cullface": "south"},
				"up": {"uv": [13, 0, 3, 3], "texture": "#2", "cullface": "up"},
				"down": {"uv": [3, 0, 13, 3], "texture": "#2"}
			}
		}
	]
}