{
	"credit": "Made with Blockbench",
	"textures": {
		"2": "block/jungle_trapdoor_sides",
		"3": "block/jungle_trapdoor",
		"particle": "#3"
	},
	"elements": [
		{
			"from": [0, 0, 13],
			"to": [3, 16, 16],
			"faces": {
				"north": {"uv": [13, 16, 16, 0], "texture": "#3"},
				"east": {"uv": [0, 3, 16, 6], "rotation": 90, "texture": "#2"},
				"south": {"uv": [0, 16, 3, 0], "texture": "#3", "cullface": "south"},
				"west": {"uv": [0, 3, 16, 6], "rotation": 90, "texture": "#2"},
				"up": {"uv": [16, 0, 13, 3], "texture": "#2"},
				"down": {"uv": [0, 0, 3, 3], "texture": "#2"}
			}
		},
		{
			"from": [13, 0, 13],
			"to": [16, 16, 16],
			"rotation": {"angle": 0, "axis": "y", "origin": [21, 8, 8]},
			"faces": {
				"north": {"uv": [0, 16, 3, 0], "texture": "#3"},
				"east": {"uv": [0, 3, 16, 6], "rotation": 90, "texture": "#2"},
				"south": {"uv": [13, 16, 16, 0], "texture": "#3", "cullface": "south"},
				"west": {"uv": [0, 3, 16, 6], "rotation": 90, "texture": "#2"},
				"up": {"uv": [3, 0, 0, 3], "texture": "#2"},
				"down": {"uv": [13, 0, 16, 3], "texture": "#2"}
			}
		},
		{
			"from": [6, 9, 13],
			"to": [7, 13, 16],
			"rotation": {"angle": 0, "axis": "y", "origin": [14, 17, 8]},
			"faces": {
				"north": {"uv": [9, 13, 10, 9], "texture": "#3"},
				"east": {"uv": [3, 3, 7, 6], "rotation": 90, "texture": "#2"},
				"south": {"uv": [6, 13, 7, 9], "texture": "#3", "cullface": "south"},
				"west": {"uv": [9, 3, 13, 6], "rotation": 90, "texture": "#2"}
			}
		},
		{
			"from": [3, 9, 13],
			"to": [4, 13, 16],
			"rotation": {"angle": 0, "axis": "y", "origin": [11, 17, 8]},
			"faces": {
				"north": {"uv": [12, 13, 13, 9], "texture": "#3"},
				"east": {"uv": [3, 3, 7, 6], "rotation": 90, "texture": "#2"},
				"south": {"uv": [3, 13, 4, 9], "texture": "#3", "cullface": "south"}
			}
		},
		{
			"from": [4, 3, 13],
			"to": [5, 5, 16],
			"rotation": {"angle": 0, "axis": "y", "origin": [12, 11, 8]},
			"faces": {
				"north": {"uv": [11, 5, 12, 3], "texture": "#3"},
				"east": {"uv": [11, 3, 13, 6], "rotation": 90, "texture": "#2"},
				"south": {"uv": [4, 5, 5, 3], "texture": "#3", "cullface": "south"},
				"up": {"uv": [10, 0, 11, 3], "texture": "#2"}
			}
		},
		{
			"from": [5, 3, 13],
			"to": [6, 4, 16],
			"rotation": {"angle": 0, "axis": "y", "origin": [13, 11, 8]},
			"faces": {
				"north": {"uv": [10, 13, 11, 12], "texture": "#3"},
				"south": {"uv": [5, 4, 6, 3], "texture": "#3", "cullface": "south"},
				"up": {"uv": [10, 0, 11, 3], "texture": "#2"}
			}
		},
		{
			"from": [9, 9, 13],
			"to": [10, 13, 16],
			"rotation": {"angle": 0, "axis": "y", "origin": [17, 17, 8]},
			"faces": {
				"north": {"uv": [6, 13, 7, 9], "texture": "#3"},
				"east": {"uv": [3, 3, 7, 6], "rotation": 90, "texture": "#2"},
				"south": {"uv": [9, 13, 10, 9], "texture": "#3", "cullface": "south"},
				"west": {"uv": [9, 3, 13, 6], "rotation": 90, "texture": "#2"}
			}
		},
		{
			"from": [9, 3, 13],
			"to": [10, 8, 16],
			"rotation": {"angle": 0, "axis": "y", "origin": [17, 11, 8]},
			"faces": {
				"north": {"uv": [6, 8, 7, 3], "texture": "#3"},
				"east": {"uv": [8, 3, 13, 6], "rotation": 90, "texture": "#2"},
				"south": {"uv": [9, 8, 10, 3], "texture": "#3", "cullface": "south"},
				"west": {"uv": [3, 3, 8, 6], "rotation": 90, "texture": "#2"}
			}
		},
		{
			"from": [6, 3, 13],
			"to": [7, 8, 16],
			"rotation": {"angle": 0, "axis": "y", "origin": [14, 11, 8]},
			"faces": {
				"north": {"uv": [9, 8, 10, 3], "texture": "#3"},
				"east": {"uv": [8, 3, 13, 6], "rotation": 90, "texture": "#2"},
				"south": {"uv": [6, 8, 7, 3], "texture": "#3", "cullface": "south"},
				"west": {"uv": [3, 3, 8, 6], "rotation": 90, "texture": "#2"}
			}
		},
		{
			"from": [12, 9, 13],
			"to": [13, 13, 16],
			"rotation": {"angle": 0, "axis": "y", "origin": [20, 17, 8]},
			"faces": {
				"north": {"uv": [3, 13, 4, 9], "texture": "#3"},
				"south": {"uv": [12, 13, 13, 9], "texture": "#3", "cullface": "south"},
				"west": {"uv": [3, 3, 7, 6], "rotation": 90, "texture": "#2"}
			}
		},
		{
			"from": [12, 3, 13],
			"to": [13, 6, 16],
			"rotation": {"angle": 0, "axis": "y", "origin": [20, 11, 8]},
			"faces": {
				"north": {"uv": [3, 6, 4, 3], "texture": "#3"},
				"south": {"uv": [12, 6, 13, 3], "texture": "#3", "cullface": "south"},
				"west": {"uv": [3, 3, 6, 6], "rotation": 90, "texture": "#2"},
				"up": {"uv": [3, 0, 4, 3], "texture": "#2"}
			}
		},
		{
			"from": [11, 11, 13],
			"to": [12, 13, 16],
			"rotation": {"angle": 0, "axis": "y", "origin": [19, 19, 8]},
			"faces": {
				"north": {"uv": [4, 13, 5, 11], "texture": "#3"},
				"south": {"uv": [11, 13, 12, 11], "texture": "#3", "cullface": "south"},
				"west": {"uv": [3, 3, 5, 6], "rotation": 90, "texture": "#2"},
				"down": {"uv": [4, 0, 5, 3], "texture": "#2"}
			}
		},
		{
			"from": [10, 12, 13],
			"to": [11, 13, 16],
			"rotation": {"angle": 0, "axis": "y", "origin": [18, 20, 8]},
			"faces": {
				"north": {"uv": [5, 13, 6, 12], "texture": "#3"},
				"south": {"uv": [10, 13, 11, 12], "texture": "#3", "cullface": "south"},
				"down": {"uv": [5, 0, 6, 3], "texture": "#2"}
			}
		},
		{
			"from": [3, 3, 13],
			"to": [4, 6, 16],
			"rotation": {"angle": 0, "axis": "y", "origin": [11, 11, 8]},
			"faces": {
				"north": {"uv": [12, 6, 13, 3], "texture": "#3"},
				"east": {"uv": [10, 0, 13, 3], "rotation": 90, "texture": "#2"},
				"south": {"uv": [3, 6, 4, 3], "texture": "#3", "cullface": "south"},
				"west": {"uv": [0, 3, 16, 6], "rotation": 90, "texture": "#side"},
				"up": {"uv": [12, 0, 13, 3], "texture": "#2"}
			}
		},
		{
			"from": [4, 11, 13],
			"to": [5, 13, 16],
			"rotation": {"angle": 0, "axis": "y", "origin": [12, 19, 8]},
			"faces": {
				"north": {"uv": [11, 13, 12, 11], "texture": "#3"},
				"east": {"uv": [3, 0, 5, 3], "rotation": 90, "texture": "#2"},
				"south": {"uv": [4, 13, 5, 11], "texture": "#3", "cullface": "south"},
				"west": {"uv": [0, 3, 16, 6], "rotation": 90, "texture": "#side"},
				"down": {"uv": [11, 0, 12, 3], "texture": "#2"}
			}
		},
		{
			"from": [5, 12, 13],
			"to": [6, 13, 16],
			"rotation": {"angle": 0, "axis": "y", "origin": [13, 20, 8]},
			"faces": {
				"north": {"uv": [10, 13, 11, 12], "texture": "#3"},
				"south": {"uv": [5, 13, 6, 12], "texture": "#3", "cullface": "south"},
				"west": {"uv": [0, 3, 16, 6], "rotation": 90, "texture": "#side"},
				"down": {"uv": [10, 0, 11, 3], "texture": "#2"}
			}
		},
		{
			"from": [11, 3, 13],
			"to": [12, 5, 16],
			"rotation": {"angle": 0, "axis": "y", "origin": [19, 11, 8]},
			"faces": {
				"north": {"uv": [4, 5, 5, 3], "texture": "#3"},
				"south": {"uv": [11, 5, 12, 3], "texture": "#3", "cullface": "south"},
				"west": {"uv": [3, 3, 5, 6], "rotation": 90, "texture": "#2"},
				"up": {"uv": [4, 0, 5, 3], "texture": "#2"}
			}
		},
		{
			"from": [10, 3, 13],
			"to": [11, 4, 16],
			"rotation": {"angle": 0, "axis": "y", "origin": [18, 11, 8]},
			"faces": {
				"north": {"uv": [5, 4, 6, 3], "texture": "#3"},
				"south": {"uv": [10, 4, 11, 3], "texture": "#3", "cullface": "south"},
				"up": {"uv": [5, 0, 6, 3], "texture": "#2"}
			}
		},
		{
			"from": [3, 0, 13],
			"to": [13, 3, 16],
			"rotation": {"angle": 0, "axis": "y", "origin": [11, 8, 8]},
			"faces": {
				"north": {"uv": [3, 3, 13, 0], "texture": "#3"},
				"south": {"uv": [3, 3, 13, 0], "texture": "#3", "cullface": "south"},
				"up": {"uv": [13, 0, 3, 3], "texture": "#2"},
				"down": {"uv": [3, 0, 13, 3], "texture": "#2"}
			}
		},
		{
			"from": [3, 13, 13],
			"to": [13, 16, 16],
			"rotation": {"angle": 0, "axis": "y", "origin": [11, 21, 8]},
			"faces": {
				"north": {"uv": [3, 16, 13, 13], "texture": "#3"},
				"south": {"uv": [3, 16, 13, 13], "texture": "#3", "cullface": "south"},
				"up": {"uv": [13, 0, 3, 3], "texture": "#2"},
				"down": {"uv": [3, 0, 13, 3], "texture": "#2"}
			}
		},
		{
			"from": [3, 8, 13],
			"to": [13, 9, 16],
			"rotation": {"angle": 0, "axis": "y", "origin": [11, 16, 8]},
			"faces": {
				"north": {"uv": [3, 9, 13, 8], "texture": "#3"},
				"south": {"uv": [3, 9, 13, 8], "texture": "#3", "cullface": "south"},
				"up": {"uv": [13, 0, 3, 3], "texture": "#2"},
				"down": {"uv": [3, 0, 13, 3], "texture": "#2"}
			}
		}
	]
}